{
  "project_info": {
    "project_number": "778407270111",
    "project_id": "onlineaccproject",
    "storage_bucket": "onlineaccproject.appspot.com"
  },
  "client": [
    {
      "client_info": {
        "mobilesdk_app_id": "1:778407270111:android:8a41a865c547f9318bfb6a",
        "android_client_info": {
          "package_name": "com.example.android.projectonlineacc"
        }
      },
      "oauth_client": [
        {
          "client_id": "778407270111-9jtucv0mqvcpqco18o7ikfbisd1h2g8j.apps.googleusercontent.com",
          "client_type": 1,
          "android_info": {
            "package_name": "com.example.android.projectonlineacc",
            "certificate_hash": "e3def8c4671a84719ea46c86e61e5a580e42a131"
          }
        },
        {
          "client_id": "778407270111-dh6ilvs23eascr4l909nk3gmqf9v4mh1.apps.googleusercontent.com",
          "client_type": 3
        }
      ],
      "api_key": [
        {
          "current_key": "AIzaSyCo2mJiNwKbxNURpR11GdwscH9vWdyXrnk"
        }
      ],
      "services": {
        "appinvite_service": {
          "other_platform_oauth_client": [
            {
              "client_id": "778407270111-dh6ilvs23eascr4l909nk3gmqf9v4mh1.apps.googleusercontent.com",
              "client_type": 3
            }
          ]
        }
      }
    }
  ],
  "configuration_version": "1"
}